variant,seed,params,best_val_loss,dice,iou,precision,recall,small_dice,large_dice
attention,0,5643284,0.224485455253044,0.7964762263555665,0.6617868660323413,0.7768373289353606,0.8171338429801841,0.5473183502644688,0.8300668378417807
attention,1,5643284,0.2185190190412417,0.8253705717516594,0.7026646463152967,0.7981821998320403,0.8544764883801024,0.6630642361109672,0.8434086540432523
attention,2,5643284,0.2186266593948131,0.7899843849841778,0.6528712317269129,0.7463846630549649,0.8389938294075764,0.4286179414220596,0.8534881001838183
attention,3,5643284,0.23075964639918142,0.7906748960150098,0.6538150026072919,0.786863575062389,0.7945233183674763,0.5071232060559505,0.8321537605770423
attention,4,5643284,0.22456499696278773,0.778303842027958,0.6370682570696675,0.725318156053672,0.8396410000583874,0.42986765812413436,0.8355832803791156
base,0,5599713,0.2115699968167713,0.8165581050746668,0.6899858020711577,0.8015489244541837,0.8321401124458632,0.5468131042897688,0.8524563950219779
base,1,5599713,0.2167189716040587,0.8111911462005854,0.6823562455882046,0.7934081045077223,0.8297896245960428,0.5192666872177055,0.8514309995750531
base,2,5599713,0.2202161153261902,0.8023177669930366,0.6698920171661024,0.782106763631364,0.823601055247663,0.4653390552420616,0.8554492881434748
base,3,5599713,0.2129284492811235,0.831655564163276,0.7118239610288175,0.8216516368995043,0.8419060973362257,0.8266801715917462,0.8320561435824912
base,4,5599713,0.21827652346061058,0.8077946429733883,0.6775633394133098,0.7810728120501118,0.8364096410449632,0.4979333819595537,0.8520471433248135
se_residual,0,5700781,0.2277823969596574,0.836136355641009,0.7184143603879981,0.8743366130724808,0.8011343463351355,0.7256802463524848,0.847450790786162
se_residual,1,5700781,0.2214553649185084,0.810566001841834,0.6814720304758334,0.78091481270121,0.8425577622276673,0.5323051978657016,0.8466048244724934
se_residual,2,5700781,0.2184129484436091,0.8133075482222639,0.6853566372684688,0.7864782725501718,0.8420319360738834,0.5267937583335387,0.8525465596335724
se_residual,3,5700781,0.2274592748897917,0.8348297853562724,0.7164874066159829,0.8637986802327681,0.8077408800621639,0.7909856924727731,0.8387532641039442
se_residual,4,5700781,0.21950634957111181,0.8170605043247983,0.690703545964905,0.7848393146187562,0.8520406099583,0.5211009174310999,0.8577872238196935
selective_attention,0,5641155,0.205903233475044,0.8477791350422587,0.7357783223907786,0.8550790893297588,0.8406027675533425,0.8001997170672658,0.8520123594507139
selective_attention,1,5641155,0.2191088393393184,0.8066341763259394,0.6759320237967971,0.7884495714831022,0.8256773944190149,0.5023849025299837,0.8509063109823352
selective_attention,2,5641155,0.2101820146962374,0.7999255409513898,0.6665632577378168,0.763407442498662,0.8401128953246036,0.4460450078426893,0.8545319380675671
selective_attention,3,5641155,0.21687092929452406,0.7871449690052965,0.6490016934338246,0.7297709220320744,0.8543102014767691,0.4345998335984419,0.8454172366620862
selective_attention,4,5641155,0.22192119650480127,0.8016385548526509,0.6689455490234688,0.7847677842640567,0.8192506303172116,0.5245519713260709,0.8403898834810599
