variant_a,variant_b,metric,attention_mean,base_mean,mean_diff,t_stat,p_value,significant_0.05,se_residual_mean,selective_attention_mean
attention,base,best_val_loss,0.22339115541021357,0.21594201129775087,0.007449144112462697,2.095967880218864,0.10412627235769457,False,,
attention,base,dice,0.7961619842268742,0.8139034450809908,-0.017741460854116542,-1.9065955093059819,0.12925209379638258,False,,
attention,base,iou,0.6616412007503021,0.6863242730535184,-0.024683072303216314,-1.8777215193578494,0.13363265936968008,False,,
attention,base,precision,0.7667171845876853,0.7959576483085773,-0.02924046372089195,-2.95880135821124,0.04160391630736267,True,,
attention,base,recall,0.8289536958387453,0.8327693061341515,-0.0038156102954061133,-0.29912135699837084,0.7797448548883892,False,,
attention,base,small_dice,0.515198278395516,0.5712064800601672,-0.05600820166465115,-0.744820755254672,0.49776095238174295,False,,
attention,base,large_dice,0.8389401266050017,0.8486879939295621,-0.009747867324560344,-2.280365777866628,0.08475236434539779,False,,
attention,se_residual,best_val_loss,0.22339115541021357,,0.00046788845367790044,0.2823389172130268,0.7916904384388205,False,0.22292326695653567,
attention,se_residual,dice,0.7961619842268742,,-0.026218054850361328,-2.4182486510484678,0.07290101306021735,False,0.8223800390772356,
attention,se_residual,iou,0.6616412007503021,,-0.03684559539233556,-2.3964933989636465,0.07463973346008942,False,0.6984867961426376,
attention,se_residual,precision,0.7667171845876853,,-0.05135635404739192,-2.61971520973085,0.058816947084898596,False,0.8180735386350773,
attention,se_residual,recall,0.8289536958387453,,-0.00014741109268479047,-0.02430634673127692,0.9817724833775259,False,0.8291011069314301,
attention,se_residual,small_dice,0.515198278395516,,-0.1041748840956036,-1.5261465356542194,0.2016741457372695,False,0.6193731624911196,
attention,se_residual,large_dice,0.8389401266050017,,-0.009688405958171331,-2.2210767181431588,0.09050383692549478,False,0.848628532563173,
attention,selective_attention,best_val_loss,0.22339115541021357,,0.008593912748228572,2.4426339290870414,0.07100650758609482,False,,0.214797242661985
attention,selective_attention,dice,0.7961619842268742,,-0.012462491008632726,-1.0417528158877623,0.35634748492929075,False,,0.808624475235507
attention,selective_attention,iou,0.6616412007503021,,-0.017602968526235108,-1.027776092753804,0.3621409774922788,False,,0.6792441692765372
attention,selective_attention,precision,0.7667171845876853,,-0.01757777733384558,-0.7250429885897582,0.5085682645405458,False,,0.7842949619215309
attention,selective_attention,recall,0.8289536958387453,,-0.007037081979442972,-0.4396430677635338,0.6829048227008634,False,,0.8359907778181883
attention,selective_attention,small_dice,0.515198278395516,,-0.026358008077374318,-0.3712366556011257,0.729287756594512,False,,0.5415562864728903
attention,selective_attention,large_dice,0.8389401266050017,,-0.00971141912375073,-2.6610358139596126,0.05632950352647357,False,,0.8486515457287525
base,se_residual,best_val_loss,,0.21594201129775087,-0.006981255658784796,-1.9456494377976996,0.12357285977929836,False,0.22292326695653567,
base,se_residual,dice,,0.8139034450809908,-0.008476593996244786,-2.4411776402553054,0.07111806385313452,False,0.8223800390772356,
base,se_residual,iou,,0.6863242730535184,-0.012162523089119248,-2.4254877590772717,0.07233267589949982,False,0.6984867961426376,
base,se_residual,precision,,0.7959576483085773,-0.022115890326499965,-1.4248703659217727,0.22731737891953827,False,0.8180735386350773,
base,se_residual,recall,,0.8327693061341515,0.003668199202721323,0.30955592294631723,0.7723542579817784,False,0.8291011069314301,
base,se_residual,small_dice,,0.5712064800601672,-0.04816668243095246,-1.3320455045715125,0.2536736668244919,False,0.6193731624911196,
base,se_residual,large_dice,,0.8486879939295621,5.9461366389013115e-05,0.022924407497642806,0.9828085765278343,False,0.848628532563173,
base,selective_attention,best_val_loss,,0.21594201129775087,0.0011447686357658748,0.4037524173813534,0.7070481064518203,False,,0.214797242661985
base,selective_attention,dice,,0.8139034450809908,0.005278969845483816,0.43983823317369436,0.6827747441608456,False,,0.808624475235507
base,selective_attention,iou,,0.6863242730535184,0.007080103776981206,0.4115376036830603,0.7017741605139562,False,,0.6792441692765372
base,selective_attention,precision,,0.7959576483085773,0.011662686387046373,0.49695183258258224,0.6452963386435788,False,,0.7842949619215309
base,selective_attention,recall,,0.8327693061341515,-0.0032214716840368585,-0.5234285328766597,0.6283347061751167,False,,0.8359907778181883
base,selective_attention,small_dice,,0.5712064800601672,0.02965019358727683,0.28603712362798084,0.7890519892133253,False,,0.5415562864728903
base,selective_attention,large_dice,,0.8486879939295621,3.644820080961342e-05,0.009173636151612376,0.9931198935106349,False,,0.8486515457287525
se_residual,selective_attention,best_val_loss,,,0.008126024294550671,1.9716176017401292,0.11994708077122386,False,0.22292326695653567,0.214797242661985
se_residual,selective_attention,dice,,,0.013755563841728602,1.412893668762951,0.23055915012883604,False,0.8223800390772356,0.808624475235507
se_residual,selective_attention,iou,,,0.019242626866100454,1.3848045803257099,0.23834374046839643,False,0.6984867961426376,0.6792441692765372
se_residual,selective_attention,precision,,,0.03377857671354634,1.3139152741170548,0.25916146939003704,False,0.8180735386350773,0.7842949619215309
se_residual,selective_attention,recall,,,-0.006889670886758181,-0.44229430913861445,0.6811388988282008,False,0.8291011069314301,0.8359907778181883
se_residual,selective_attention,small_dice,,,0.07781687601822929,1.050648339078229,0.35270311938174853,False,0.6193731624911196,0.5415562864728903
se_residual,selective_attention,large_dice,,,-2.3013165579399697e-05,-0.005209280648626801,0.9960930616012149,False,0.848628532563173,0.8486515457287525
